{"cameraMode":{"drawMode":0,"name":"Shaded","section":"Shading Mode"},"sceneLighting":false,"audioPlay":false,"sceneViewState":{"m_AlwaysRefresh":false,"showFog":true,"showSkybox":false,"showFlares":true,"showImageEffects":true,"showParticleSystems":true,"showVisualEffectGraphs":true,"m_FxEnabled":true},"in2DMode":false,"pivot":{"x":5.613056182861328,"y":1.3144439458847047,"z":27.13768196105957},"rotation":{"x":-0.0005977993714623153,"y":-0.9588167667388916,"z":0.28403589129447939,"w":-0.0020145305898040535},"size":3.2233378887176515,"orthographic":false}