{"cameraMode":{"drawMode":0,"name":"Shaded","section":"Shading Mode"},"sceneLighting":false,"audioPlay":false,"sceneViewState":{"m_AlwaysRefresh":false,"showFog":true,"showSkybox":false,"showFlares":true,"showImageEffects":true,"showParticleSystems":true,"showVisualEffectGraphs":true,"m_FxEnabled":true},"in2DMode":false,"pivot":{"x":-0.05105957016348839,"y":0.2356579452753067,"z":0.03472248092293739},"rotation":{"x":0.3257932960987091,"y":0.3641415238380432,"z":-0.13768696784973145,"w":0.8615915179252625},"size":0.4722563624382019,"orthographic":false}