{"cameraMode":{"drawMode":0,"name":"Shaded","section":"Shading Mode"},"sceneLighting":false,"audioPlay":false,"sceneViewState":{"m_AlwaysRefresh":false,"showFog":true,"showSkybox":false,"showFlares":true,"showImageEffects":true,"showParticleSystems":true,"showVisualEffectGraphs":true,"m_FxEnabled":true},"in2DMode":false,"pivot":{"x":0.014775276184082032,"y":0.6972843408584595,"z":-5.960464477539063e-8},"rotation":{"x":0.029688049107789995,"y":-0.0230878833681345,"z":0.0006859255954623222,"w":0.9992946982383728},"size":1.807803988456726,"orthographic":false}