{"cameraMode":{"drawMode":0,"name":"Shaded","section":"Shading Mode"},"sceneLighting":false,"audioPlay":false,"sceneViewState":{"m_AlwaysRefresh":false,"showFog":true,"showSkybox":false,"showFlares":true,"showImageEffects":true,"showParticleSystems":true,"showVisualEffectGraphs":true,"m_FxEnabled":true},"in2DMode":false,"pivot":{"x":-7.416864395141602,"y":2.7157721519470217,"z":-55.527950286865237},"rotation":{"x":-0.0005977993714623153,"y":-0.9588167667388916,"z":0.28403589129447939,"w":-0.0020145305898040535},"size":4.364768028259277,"orthographic":false}