{"cameraMode":{"drawMode":0,"name":"Shaded","section":"Shading Mode"},"sceneLighting":false,"audioPlay":false,"sceneViewState":{"m_AlwaysRefresh":false,"showFog":true,"showSkybox":false,"showFlares":true,"showImageEffects":true,"showParticleSystems":true,"showVisualEffectGraphs":true,"m_FxEnabled":true},"in2DMode":false,"pivot":{"x":-0.06957255303859711,"y":0.016120005398988725,"z":0.0007635671645402908},"rotation":{"x":0.2554496228694916,"y":-0.00001929483187268488,"z":-6.218931503099157e-7,"w":0.9668353796005249},"size":0.14451497793197633,"orthographic":false}