{"cameraMode":{"drawMode":0,"name":"Shaded","section":"Shading Mode"},"sceneLighting":false,"audioPlay":false,"sceneViewState":{"m_AlwaysRefresh":false,"showFog":true,"showSkybox":false,"showFlares":true,"showImageEffects":true,"showParticleSystems":true,"showVisualEffectGraphs":true,"m_FxEnabled":true},"in2DMode":false,"pivot":{"x":0.00863915029913187,"y":-0.0036234036087989809,"z":0.008515449240803719},"rotation":{"x":-0.17875200510025025,"y":0.6402952075004578,"z":-0.15670664608478547,"w":-0.7304484844207764},"size":0.9320520758628845,"orthographic":false}