{"cameraMode":{"drawMode":0,"name":"Shaded","section":"Shading Mode"},"sceneLighting":false,"audioPlay":false,"sceneViewState":{"m_AlwaysRefresh":false,"showFog":true,"showSkybox":false,"showFlares":true,"showImageEffects":true,"showParticleSystems":true,"showVisualEffectGraphs":true,"m_FxEnabled":true},"in2DMode":false,"pivot":{"x":0.024430274963378907,"y":0.19627615809440614,"z":0.2666833996772766},"rotation":{"x":0.3257932960987091,"y":0.3641415238380432,"z":-0.13768696784973145,"w":0.8615915179252625},"size":0.5660253763198853,"orthographic":false}